Filename,Score
Data/MIDI/Collection/Original Collection/001.mid,0.338150289017341
Data/MIDI/Collection/Original Collection/002.mid,0.35584415584415585
Data/MIDI/Collection/Original Collection/003.mid,0.4084905660377358
Data/MIDI/Collection/Original Collection/004.mid,0.2904707233065442
Data/MIDI/Collection/Original Collection/005.mid,0.31818181818181823
Data/MIDI/Collection/Original Collection/006.mid,0.3633699633699634
Data/MIDI/Collection/Original Collection/007.mid,0.2723935389133627
Data/MIDI/Collection/Original Collection/008.mid,0.3710843373493976
Data/MIDI/Collection/Original Collection/009.mid,0.5652709359605912
Data/MIDI/Collection/Original Collection/010.mid,0.2885973763874874
Data/MIDI/Collection/Original Collection/011.mid,0.38239757207890746
Data/MIDI/Collection/Original Collection/012.mid,0.375
Data/MIDI/Collection/Original Collection/013.mid,0.3380281690140845
Data/MIDI/Collection/Original Collection/014.mid,0.2484276729559748
Data/MIDI/Collection/Original Collection/015.mid,0.340531561461794
Data/MIDI/Collection/Original Collection/016.mid,0.2621789193976971
Data/MIDI/Collection/Original Collection/017.mid,0.2718531468531469
Data/MIDI/Collection/Original Collection/018.mid,0.2851885924563018
Data/MIDI/Collection/Original Collection/019.mid,0.318955732122588
Data/MIDI/Collection/Original Collection/020.mid,0.292466765140325
Data/MIDI/Collection/Original Collection/021.mid,0.3415892672858617
Data/MIDI/Collection/Original Collection/022.mid,0.3099369085173501
Data/MIDI/Collection/Original Collection/023.mid,0.4018691588785047
Data/MIDI/Collection/Original Collection/024.mid,0.45413669064748197
Data/MIDI/Collection/Original Collection/025.mid,0.2686762778505898
Data/MIDI/Collection/Original Collection/026.mid,0.2588028169014085
Data/MIDI/Collection/Original Collection/027.mid,0.26041666666666663
Data/MIDI/Collection/Original Collection/028.mid,0.46302521008403363
Data/MIDI/Collection/Original Collection/029.mid,0.33601841196777904
Data/MIDI/Collection/Original Collection/030.mid,0.3746736292428199
Data/MIDI/Collection/Original Collection/031.mid,0.15727699530516437
Data/MIDI/Collection/Original Collection/032.mid,0.4021406727828746
Data/MIDI/Collection/Original Collection/033.mid,0.301859799713877
Data/MIDI/Collection/Original Collection/034.mid,0.34659090909090906
Data/MIDI/Collection/Original Collection/035.mid,0.3195956454121306
Data/MIDI/Collection/Original Collection/036.mid,0.36127508854781587
Data/MIDI/Collection/Original Collection/037.mid,0.326879271070615
Data/MIDI/Collection/Original Collection/038.mid,0.32349165596919127
Data/MIDI/Collection/Original Collection/039.mid,0.30845070422535215
Data/MIDI/Collection/Original Collection/040.mid,0.27601809954751133
Data/MIDI/Collection/Original Collection/041.mid,0.3571428571428571
Data/MIDI/Collection/Original Collection/042.mid,0.3581589958158996
Data/MIDI/Collection/Original Collection/043.mid,0.28701117318435754
Data/MIDI/Collection/Original Collection/044.mid,0.3207547169811321
Data/MIDI/Collection/Original Collection/045.mid,0.3977812995245642
Data/MIDI/Collection/Original Collection/046.mid,0.32595573440643866
Data/MIDI/Collection/Original Collection/047.mid,0.39877300613496935
Data/MIDI/Collection/Original Collection/048.mid,0.3151390319258497
Data/MIDI/Collection/Original Collection/049.mid,0.36317135549872126
Data/MIDI/Collection/Original Collection/050.mid,0.389937106918239
Data/MIDI/Collection/Original Collection/051.mid,0.4141749723145072
Data/MIDI/Collection/Original Collection/052.mid,0.3545893719806763
Data/MIDI/Collection/Original Collection/053.mid,0.32003192338387865
Data/MIDI/Collection/Original Collection/054.mid,0.34412265758092
Data/MIDI/Collection/Original Collection/055.mid,0.2812135355892649
Data/MIDI/Collection/Original Collection/056.mid,0.1767648693718733
Data/MIDI/Collection/Original Collection/057.mid,0.43333333333333335
Data/MIDI/Collection/Original Collection/058.mid,0.32769556025369984
Data/MIDI/Collection/Original Collection/059.mid,0.3020329138431752
Data/MIDI/Collection/Original Collection/060.mid,0.35031847133757965
Data/MIDI/Collection/Original Collection/061.mid,0.38898916967509023
Data/MIDI/Collection/Original Collection/062.mid,0.32391713747645956
Data/MIDI/Collection/Original Collection/063.mid,0.19688644688644685
Data/MIDI/Collection/Original Collection/064.mid,0.2831196581196581
Data/MIDI/Collection/Original Collection/065.mid,0.25396825396825395
Data/MIDI/Collection/Original Collection/066.mid,0.47395388556789064
Data/MIDI/Collection/Original Collection/067.mid,0.3815580286168522
Data/MIDI/Collection/Original Collection/068.mid,0.371859296482412
Data/MIDI/Collection/Original Collection/069.mid,0.3617262918796138
Data/MIDI/Collection/Original Collection/070.mid,0.496
Data/MIDI/Collection/Original Collection/071.mid,0.2532327586206896
Data/MIDI/Collection/Original Collection/072.mid,0.4177215189873418
Data/MIDI/Collection/Original Collection/073.mid,0.29931972789115646
Data/MIDI/Collection/Original Collection/074.mid,0.3434247871333964
Data/MIDI/Collection/Original Collection/075.mid,0.3548387096774194
Data/MIDI/Collection/Original Collection/076.mid,0.33511348464619495
Data/MIDI/Collection/Original Collection/077.mid,0.5153024911032029
Data/MIDI/Collection/Original Collection/078.mid,0.29470198675496684
Data/MIDI/Collection/Original Collection/079.mid,0.3452088452088452
Data/MIDI/Collection/Original Collection/080.mid,0.2846371347785108
Data/MIDI/Collection/Original Collection/081.mid,0.33040201005025127
Data/MIDI/Collection/Original Collection/082.mid,0.2950236966824644
Data/MIDI/Collection/Original Collection/083.mid,0.4137214137214137
Data/MIDI/Collection/Original Collection/084.mid,0.34139534883720934
Data/MIDI/Collection/Original Collection/085.mid,0.31068601583113453
Data/MIDI/Collection/Original Collection/086.mid,0.3309914129586261
Data/MIDI/Collection/Original Collection/087.mid,0.26659641728134875
Data/MIDI/Collection/Original Collection/088.mid,0.2704
Data/MIDI/Collection/Original Collection/089.mid,0.3788098693759071
Data/MIDI/Collection/Original Collection/090.mid,0.24103139013452912
Data/MIDI/Collection/Original Collection/091.mid,0.33368644067796616
Data/MIDI/Collection/Original Collection/092.mid,0.3459119496855346
Data/MIDI/Collection/Original Collection/093.mid,0.3985637342908438
Data/MIDI/Collection/Original Collection/094.mid,0.31173380035026266
Data/MIDI/Collection/Original Collection/095.mid,0.3437727603787327
Data/MIDI/Collection/Original Collection/096.mid,0.23232876712328765
Data/MIDI/Collection/Original Collection/097.mid,0.3078412391093901
Data/MIDI/Collection/Original Collection/098.mid,0.4415584415584416
Data/MIDI/Collection/Original Collection/099.mid,0.2939068100358423
Data/MIDI/Collection/Original Collection/100.mid,0.3104972375690608
Data/MIDI/Collection/Original Collection/101.mid,0.27534883720930237
Data/MIDI/Collection/Original Collection/102.mid,0.198691255205235
Data/MIDI/Collection/Original Collection/103.mid,0.29831144465290804
Data/MIDI/Collection/Original Collection/104.mid,0.47058823529411764
Data/MIDI/Collection/Original Collection/105.mid,0.36624569460390355
Data/MIDI/Collection/Original Collection/106.mid,0.236328125
Data/MIDI/Collection/Original Collection/107.mid,0.4264264264264265
Data/MIDI/Collection/Original Collection/108.mid,0.3208333333333333
Data/MIDI/Collection/Original Collection/109.mid,0.36447733580018504
Data/MIDI/Collection/Original Collection/110.mid,0.35437881873727084
Data/MIDI/Collection/Original Collection/111.mid,0.27887617065556713
Data/MIDI/Collection/Original Collection/112.mid,0.31565329883570503
Data/MIDI/Collection/Original Collection/113.mid,0.2473429951690821
Data/MIDI/Collection/Original Collection/114.mid,0.3180760279286269
Data/MIDI/Collection/Original Collection/115.mid,0.2901234567901234
Data/MIDI/Collection/Original Collection/116.mid,0.29226736566186107
Data/MIDI/Collection/Original Collection/117.mid,0.35076530612244894
Data/MIDI/Collection/Original Collection/118.mid,0.44074074074074077
Data/MIDI/Collection/Original Collection/119.mid,0.3268839103869654
Data/MIDI/Collection/Original Collection/120.mid,0.36803652968036527
Data/MIDI/Collection/Original Collection/121.mid,0.37010309278350517
Data/MIDI/Collection/Original Collection/122.mid,0.3453525641025641
Data/MIDI/Collection/Original Collection/123.mid,0.346244131455399
Data/MIDI/Collection/Original Collection/124.mid,0.28517823639774864
Data/MIDI/Collection/Original Collection/125.mid,0.29855371900826444
Data/MIDI/Collection/Original Collection/126.mid,0.24498886414253895
Data/MIDI/Collection/Original Collection/127.mid,0.4593535749265426
Data/MIDI/Collection/Original Collection/128.mid,0.34515119916579773
Data/MIDI/Collection/Original Collection/129.mid,0.3575705731394354
Data/MIDI/Collection/Original Collection/130.mid,0.3100338218714769
Data/MIDI/Collection/Original Collection/131.mid,0.19849482596425216
Data/MIDI/Collection/Original Collection/132.mid,0.4117647058823529
Data/MIDI/Collection/Original Collection/133.mid,0.37001594896331735
Data/MIDI/Collection/Original Collection/134.mid,0.282258064516129
Data/MIDI/Collection/Original Collection/135.mid,0.4147812971342383
Data/MIDI/Collection/Original Collection/136.mid,0.3002159827213823
Data/MIDI/Collection/Original Collection/137.mid,0.24468085106382975
Data/MIDI/Collection/Original Collection/138.mid,0.3046653144016227
Data/MIDI/Collection/Original Collection/139.mid,0.29609445958219804
Data/MIDI/Collection/Original Collection/140.mid,0.2238461538461538
Data/MIDI/Collection/Original Collection/141.mid,0.2085106382978723
Data/MIDI/Collection/Original Collection/142.mid,0.3482880755608029
Data/MIDI/Collection/Original Collection/143.mid,0.48349687778768957
Data/MIDI/Collection/Original Collection/144.mid,0.3952145214521452
Data/MIDI/Collection/Original Collection/145.mid,0.3263473053892215
Data/MIDI/Collection/Original Collection/146.mid,0.41404682274247495
Data/MIDI/Collection/Original Collection/147.mid,0.4167776298268975
Data/MIDI/Collection/Original Collection/148.mid,0.40695652173913044
Data/MIDI/Collection/Original Collection/149.mid,0.4136008918617614
Data/MIDI/Collection/Original Collection/150.mid,0.33931777378815076
Data/MIDI/Collection/Original Collection/151.mid,0.3012820512820513
Data/MIDI/Collection/Original Collection/152.mid,0.3182481751824817
Data/MIDI/Collection/Original Collection/153.mid,0.37648612945838833
Data/MIDI/Collection/Original Collection/154.mid,0.40877192982456145
Data/MIDI/Collection/Original Collection/155.mid,0.4149425287356322
Data/MIDI/Collection/Original Collection/156.mid,0.4306987399770905
Data/MIDI/Collection/Original Collection/157.mid,0.512846865364851
Data/MIDI/Collection/Original Collection/158.mid,0.31908831908831914
Data/MIDI/Collection/Original Collection/159.mid,0.19863597612958228
Data/MIDI/Collection/Original Collection/160.mid,0.3256325632563256
Data/MIDI/Collection/Original Collection/161.mid,0.44228274967574577
Data/MIDI/Collection/Original Collection/162.mid,0.2195121951219512
Data/MIDI/Collection/Original Collection/163.mid,0.2504604051565378
Data/MIDI/Collection/Original Collection/164.mid,0.4635838150289018
Data/MIDI/Collection/Original Collection/165.mid,0.3771152296535052
Data/MIDI/Collection/Original Collection/166.mid,0.3790849673202614
Data/MIDI/Collection/Original Collection/167.mid,0.19419775014801655
Data/MIDI/Collection/Original Collection/168.mid,0.2920029347028613
Data/MIDI/Collection/Original Collection/169.mid,0.4094707520891365
Data/MIDI/Collection/Original Collection/170.mid,0.3692679002413516
Data/MIDI/Collection/Original Collection/171.mid,0.3394980184940555
Data/MIDI/Collection/Original Collection/172.mid,0.28737113402061853
Data/MIDI/Collection/Original Collection/173.mid,0.29336966394187103
Data/MIDI/Collection/Original Collection/174.mid,0.3159722222222222
Data/MIDI/Collection/Original Collection/175.mid,0.39960822722820766
Data/MIDI/Collection/Original Collection/176.mid,0.2116182572614108
Data/MIDI/Collection/Original Collection/177.mid,0.3105536332179931
Data/MIDI/Collection/Original Collection/178.mid,0.2907735321528425
Data/MIDI/Collection/Original Collection/179.mid,0.3619377162629758
Data/MIDI/Collection/Original Collection/180.mid,0.3021778584392014
Data/MIDI/Collection/Original Collection/181.mid,0.28873239436619713
Data/MIDI/Collection/Original Collection/182.mid,0.38006872852233675
Data/MIDI/Collection/Original Collection/183.mid,0.3401060070671378
Data/MIDI/Collection/Original Collection/184.mid,0.35572139303482586
Data/MIDI/Collection/Original Collection/185.mid,0.36240090600226504
Data/MIDI/Collection/Original Collection/186.mid,0.30590339892665475
Data/MIDI/Collection/Original Collection/187.mid,0.34356435643564354
Data/MIDI/Collection/Original Collection/188.mid,0.34180327868852456
Data/MIDI/Collection/Original Collection/189.mid,0.33883058470764615
Data/MIDI/Collection/Original Collection/190.mid,0.19827586206896552
Data/MIDI/Collection/Original Collection/191.mid,0.26005132591958935
Data/MIDI/Collection/Original Collection/192.mid,0.2730923694779116
Data/MIDI/Collection/Original Collection/193.mid,0.33525179856115106
Data/MIDI/Collection/Original Collection/194.mid,0.2681721947776994
Data/MIDI/Collection/Original Collection/195.mid,0.38692810457516336
Data/MIDI/Collection/Original Collection/196.mid,0.52
Data/MIDI/Collection/Original Collection/197.mid,0.3213644524236984
Data/MIDI/Collection/Original Collection/198.mid,0.2886762360446571
Data/MIDI/Collection/Original Collection/199.mid,0.4205933682373473
Data/MIDI/Collection/Original Collection/200.mid,0.3678321678321679
Data/MIDI/Collection/Original Collection/201.mid,0.3185011709601874
Data/MIDI/Collection/Original Collection/202.mid,0.3565285379202502
Data/MIDI/Collection/Original Collection/203.mid,0.2536443148688047
Data/MIDI/Collection/Original Collection/204.mid,0.2540346682606097
Data/MIDI/Collection/Original Collection/205.mid,0.40979782270606535
Data/MIDI/Collection/Original Collection/206.mid,0.25868210151380233
Data/MIDI/Collection/Original Collection/207.mid,0.36174496644295306
Data/MIDI/Collection/Original Collection/208.mid,0.3033359193173002
Data/MIDI/Collection/Original Collection/209.mid,0.3459399332591768
Data/MIDI/Collection/Original Collection/210.mid,0.2989583333333333
Data/MIDI/Collection/Original Collection/211.mid,0.3187250996015937
Data/MIDI/Collection/Original Collection/212.mid,0.4156118143459916
Data/MIDI/Collection/Original Collection/213.mid,0.35817307692307687
Data/MIDI/Collection/Original Collection/214.mid,0.29812054439403757
Data/MIDI/Collection/Original Collection/215.mid,0.3876623376623377
Data/MIDI/Collection/Original Collection/216.mid,0.3622291021671826
Data/MIDI/Collection/Original Collection/217.mid,0.2995391705069125
Data/MIDI/Collection/Original Collection/218.mid,0.43563728598604945
Data/MIDI/Collection/Original Collection/219.mid,0.2518610421836228
Data/MIDI/Collection/Original Collection/220.mid,0.4231974921630094
Data/MIDI/Collection/Original Collection/221.mid,0.17686692869174625
Data/MIDI/Collection/Original Collection/222.mid,0.30032733224222585
Data/MIDI/Collection/Original Collection/223.mid,0.32151442307692313
Data/MIDI/Collection/Original Collection/224.mid,0.42605085625324335
Data/MIDI/Collection/Original Collection/225.mid,0.3652694610778443
Data/MIDI/Collection/Original Collection/226.mid,0.3845108695652174
Data/MIDI/Collection/Original Collection/227.mid,0.42654867256637163
Data/MIDI/Collection/Original Collection/228.mid,0.33821376281112736
Data/MIDI/Collection/Original Collection/229.mid,0.37410071942446044
Data/MIDI/Collection/Original Collection/230.mid,0.3003048780487805
Data/MIDI/Collection/Original Collection/231.mid,0.36084905660377353
Data/MIDI/Collection/Original Collection/232.mid,0.341820987654321
Data/MIDI/Collection/Original Collection/233.mid,0.2958656330749354
Data/MIDI/Collection/Original Collection/234.mid,0.31999999999999995
Data/MIDI/Collection/Original Collection/235.mid,0.363265306122449
Data/MIDI/Collection/Original Collection/236.mid,0.45687645687645684
Data/MIDI/Collection/Original Collection/237.mid,0.32869991823385114
Data/MIDI/Collection/Original Collection/238.mid,0.30066445182724255
Data/MIDI/Collection/Original Collection/239.mid,0.2797202797202797
Data/MIDI/Collection/Original Collection/240.mid,0.2129319955406912
Data/MIDI/Collection/Original Collection/241.mid,0.34972067039106147
Data/MIDI/Collection/Original Collection/242.mid,0.35130848532910386
Data/MIDI/Collection/Original Collection/243.mid,0.33225283630470015
Data/MIDI/Collection/Original Collection/244.mid,0.39094955489614247
Data/MIDI/Collection/Original Collection/245.mid,0.3096008629989212
Data/MIDI/Collection/Original Collection/246.mid,0.3253895508707608
Data/MIDI/Collection/Original Collection/247.mid,0.4610294117647059
Data/MIDI/Collection/Original Collection/248.mid,0.2716499544211486
Data/MIDI/Collection/Original Collection/249.mid,0.35619047619047617
Data/MIDI/Collection/Original Collection/250.mid,0.35239085239085244
Data/MIDI/Collection/Original Collection/251.mid,0.40416305290546406
Data/MIDI/Collection/Original Collection/252.mid,0.34470377019748655
Data/MIDI/Collection/Original Collection/253.mid,0.2799003322259136
Data/MIDI/Collection/Original Collection/254.mid,0.3365172667156503
Data/MIDI/Collection/Original Collection/255.mid,0.3044982698961938
Data/MIDI/Collection/Original Collection/256.mid,0.3998482549317147
Data/MIDI/Collection/Original Collection/257.mid,0.27521367521367524
Data/MIDI/Collection/Original Collection/258.mid,0.44435548438751005
Data/MIDI/Collection/Original Collection/259.mid,0.3570741097208855
Data/MIDI/Collection/Original Collection/260.mid,0.42550655542312277
Data/MIDI/Collection/Original Collection/261.mid,0.28276999175597695
Data/MIDI/Collection/Original Collection/262.mid,0.4176663031624863
Data/MIDI/Collection/Original Collection/263.mid,0.31466666666666665
Data/MIDI/Collection/Original Collection/264.mid,0.24899598393574296
Data/MIDI/Collection/Original Collection/265.mid,0.3793893129770992
Data/MIDI/Collection/Original Collection/266.mid,0.3064713064713065
Data/MIDI/Collection/Original Collection/267.mid,0.4380952380952381
Data/MIDI/Collection/Original Collection/268.mid,0.34625668449197866
Data/MIDI/Collection/Original Collection/269.mid,0.2735723771580345
Data/MIDI/Collection/Original Collection/270.mid,0.36710963455149503
Data/MIDI/Collection/Original Collection/271.mid,0.571764705882353
Data/MIDI/Collection/Original Collection/272.mid,0.323943661971831
Data/MIDI/Collection/Original Collection/273.mid,0.3768352365415987
Data/MIDI/Collection/Original Collection/274.mid,0.4408945686900958
Data/MIDI/Collection/Original Collection/275.mid,0.36928702010968917
Data/MIDI/Collection/Original Collection/276.mid,0.34913112164297
Data/MIDI/Collection/Original Collection/277.mid,0.3801916932907349
Data/MIDI/Collection/Original Collection/278.mid,0.3012658227848102
Data/MIDI/Collection/Original Collection/279.mid,0.4329054842473745
Data/MIDI/Collection/Original Collection/280.mid,0.36941176470588233
Data/MIDI/Collection/Original Collection/281.mid,0.3580786026200873
Data/MIDI/Collection/Original Collection/282.mid,0.3788659793814433
Data/MIDI/Collection/Original Collection/283.mid,0.37357630979498857
Data/MIDI/Collection/Original Collection/284.mid,0.3423423423423423
Data/MIDI/Collection/Original Collection/285.mid,0.3518957345971564
Data/MIDI/Collection/Original Collection/286.mid,0.32735426008968604
Data/MIDI/Collection/Original Collection/287.mid,0.39748953974895396
Data/MIDI/Collection/Original Collection/288.mid,0.32581736189402477
Data/MIDI/Collection/Original Collection/289.mid,0.4595775673707211
Data/MIDI/Collection/Original Collection/290.mid,0.4689265536723164
Data/MIDI/Collection/Original Collection/291.mid,0.4278668310727497
Data/MIDI/Collection/Original Collection/292.mid,0.3259726603575184
Data/MIDI/Collection/Original Collection/293.mid,0.37370242214532867
Data/MIDI/Collection/Original Collection/294.mid,0.3951612903225806
Data/MIDI/Collection/Original Collection/295.mid,0.2324234904880066
Data/MIDI/Collection/Original Collection/296.mid,0.512280701754386
Data/MIDI/Collection/Original Collection/297.mid,0.3887530562347188
Data/MIDI/Collection/Original Collection/298.mid,0.36344537815126055
Data/MIDI/Collection/Original Collection/299.mid,0.3900709219858156
Data/MIDI/Collection/Original Collection/300.mid,0.46287367405978785
Data/MIDI/Collection/Original Collection/301.mid,0.4329411764705883
Data/MIDI/Collection/Original Collection/302.mid,0.4490500863557858
Data/MIDI/Collection/Original Collection/303.mid,0.4612211221122112
Data/MIDI/Collection/Original Collection/304.mid,0.3221035332785538
Data/MIDI/Collection/Original Collection/305.mid,0.4531946508172363
Data/MIDI/Collection/Original Collection/306.mid,0.29104477611940294
Data/MIDI/Collection/Original Collection/307.mid,0.4831981460023175
Data/MIDI/Collection/Original Collection/308.mid,0.5332197614991483
Data/MIDI/Collection/Original Collection/309.mid,0.3691275167785235
Data/MIDI/Collection/Original Collection/310.mid,0.37328453796889294
Data/MIDI/Collection/Original Collection/311.mid,0.469968387776607
Data/MIDI/Collection/Original Collection/312.mid,0.33697135061391537
Data/MIDI/Collection/Original Collection/313.mid,0.4862385321100917
Data/MIDI/Collection/Original Collection/314.mid,0.45616113744075826
Data/MIDI/Collection/Original Collection/315.mid,0.48258706467661694
Data/MIDI/Collection/Original Collection/316.mid,0.42707117852975496
Data/MIDI/Collection/Original Collection/317.mid,0.34534534534534533
Data/MIDI/Collection/Original Collection/318.mid,0.4073394495412844
Data/MIDI/Collection/Original Collection/319.mid,0.3099730458221024
Data/MIDI/Collection/Original Collection/320.mid,0.30743801652892566
Data/MIDI/Collection/Original Collection/321.mid,0.36571428571428577
Data/MIDI/Collection/Original Collection/322.mid,0.3526850507982583
Data/MIDI/Collection/Original Collection/323.mid,0.4926160337552743
Data/MIDI/Collection/Original Collection/324.mid,0.47994825355756787
Data/MIDI/Collection/Original Collection/325.mid,0.41163556531284307
Data/MIDI/Collection/Original Collection/326.mid,0.3267045454545454
Data/MIDI/Collection/Original Collection/327.mid,0.2698961937716263
Data/MIDI/Collection/Original Collection/328.mid,0.4158986175115207
Data/MIDI/Collection/Original Collection/329.mid,0.34423076923076923
Data/MIDI/Collection/Original Collection/330.mid,0.3921568627450981
Data/MIDI/Collection/Original Collection/331.mid,0.2361809045226131
Data/MIDI/Collection/Original Collection/332.mid,0.42291950886766716
Data/MIDI/Collection/Original Collection/333.mid,0.3338171262699564
Data/MIDI/Collection/Original Collection/334.mid,0.441025641025641
Data/MIDI/Collection/Original Collection/335.mid,0.32362122788761705
Data/MIDI/Collection/Original Collection/336.mid,0.2790854068594486
Data/MIDI/Collection/Original Collection/337.mid,0.4531435349940688
Data/MIDI/Collection/Original Collection/338.mid,0.33447098976109213
Data/MIDI/Collection/Original Collection/339.mid,0.42367601246105924
Data/MIDI/Collection/Original Collection/340.mid,0.3993963782696177
Data/MIDI/Collection/Original Collection/341.mid,0.5380047505938242
Data/MIDI/Collection/Original Collection/342.mid,0.36685288640595903
Data/MIDI/Collection/Original Collection/343.mid,0.476890756302521
Data/MIDI/Collection/Original Collection/344.mid,0.30760233918128654
Data/MIDI/Collection/Original Collection/345.mid,0.3051409618573798
Data/MIDI/Collection/Original Collection/346.mid,0.3194444444444444
Data/MIDI/Collection/Original Collection/347.mid,0.3446969696969697
Data/MIDI/Collection/Original Collection/348.mid,0.4887892376681614
Data/MIDI/Collection/Original Collection/349.mid,0.375886524822695
Data/MIDI/Collection/Original Collection/350.mid,0.3943028485757122
Data/MIDI/Collection/Original Collection/351.mid,0.1656534954407295
Data/MIDI/Collection/Original Collection/352.mid,0.35656836461126007
Data/MIDI/Collection/Original Collection/353.mid,0.36019900497512436
Data/MIDI/Collection/Original Collection/354.mid,0.39579831932773113
Data/MIDI/Collection/Original Collection/355.mid,0.2231163130943672
Data/MIDI/Collection/Original Collection/356.mid,0.38779342723004695
Data/MIDI/Collection/Original Collection/357.mid,0.277190332326284
Data/MIDI/Collection/Original Collection/358.mid,0.34664948453608246
Data/MIDI/Collection/Original Collection/359.mid,0.31687715269804817
Data/MIDI/Collection/Original Collection/360.mid,0.2616352201257862
Data/MIDI/Collection/Original Collection/361.mid,0.3885135135135135
Data/MIDI/Collection/Original Collection/362.mid,0.35233751425313564
Data/MIDI/Collection/Original Collection/363.mid,0.4684418145956607
Data/MIDI/Collection/Original Collection/364.mid,0.32891832229580575
Data/MIDI/Collection/Original Collection/365.mid,0.44901456726649525
Data/MIDI/Collection/Original Collection/366.mid,0.3272946859903382
Data/MIDI/Collection/Original Collection/367.mid,0.4562306900102987
Data/MIDI/Collection/Original Collection/368.mid,0.291497975708502
Data/MIDI/Collection/Original Collection/369.mid,0.39957716701902746
Data/MIDI/Collection/Original Collection/370.mid,0.4652567975830816
Data/MIDI/Collection/Original Collection/371.mid,0.28213802435723956
Data/MIDI/Collection/Original Collection/372.mid,0.43412698412698414
Data/MIDI/Collection/Original Collection/373.mid,0.4761146496815286
Data/MIDI/Collection/Original Collection/374.mid,0.31095406360424027
Data/MIDI/Collection/Original Collection/375.mid,0.3137485311398355
Data/MIDI/Collection/Original Collection/376.mid,0.41423357664233573
Data/MIDI/Collection/Original Collection/377.mid,0.3119383825417201
Data/MIDI/Collection/Original Collection/378.mid,0.35051546391752575
Data/MIDI/Collection/Original Collection/379.mid,0.3094879518072289
Data/MIDI/Collection/Original Collection/380.mid,0.34153400868306805
Data/MIDI/Collection/Original Collection/381.mid,0.20026791694574686
Data/MIDI/Collection/Original Collection/382.mid,0.39459864966241565
Data/MIDI/Collection/Original Collection/383.mid,0.34153846153846157
Data/MIDI/Collection/Original Collection/384.mid,0.29371584699453557
Data/MIDI/Collection/Original Collection/385.mid,0.4034907597535934
Data/MIDI/Collection/Original Collection/386.mid,0.16193771626297582
Data/MIDI/Collection/Original Collection/387.mid,0.23470522803114569
Data/MIDI/Collection/Original Collection/388.mid,0.33464180569185475
Data/MIDI/Collection/Original Collection/389.mid,0.1361573373676248
Data/MIDI/Collection/Original Collection/390.mid,0.3139784946236559
Data/MIDI/Collection/Original Collection/391.mid,0.4823232323232324
Data/MIDI/Collection/Original Collection/392.mid,0.30205949656750575
Data/MIDI/Collection/Original Collection/393.mid,0.32417582417582413
Data/MIDI/Collection/Original Collection/394.mid,0.30549898167006106
Data/MIDI/Collection/Original Collection/395.mid,0.2641802641802642
Data/MIDI/Collection/Original Collection/396.mid,0.38289036544850497
Data/MIDI/Collection/Original Collection/397.mid,0.37387387387387383
Data/MIDI/Collection/Original Collection/398.mid,0.3306386418755053
Data/MIDI/Collection/Original Collection/399.mid,0.4034682080924855
Data/MIDI/Collection/Original Collection/400.mid,0.31823899371069186
Data/MIDI/Collection/Original Collection/401.mid,0.31270010672358595
Data/MIDI/Collection/Original Collection/402.mid,0.3114930182599356
Data/MIDI/Collection/Original Collection/403.mid,0.4698905109489051
Data/MIDI/Collection/Original Collection/404.mid,0.43422459893048126
Data/MIDI/Collection/Original Collection/405.mid,0.3805620608899297
Data/MIDI/Collection/Original Collection/406.mid,0.25590778097982714
Data/MIDI/Collection/Original Collection/407.mid,0.2960235640648011
Data/MIDI/Collection/Original Collection/408.mid,0.23225806451612907
Data/MIDI/Collection/Original Collection/409.mid,0.3710526315789474
Data/MIDI/Collection/Original Collection/410.mid,0.3903591682419659
Data/MIDI/Collection/Original Collection/411.mid,0.41192660550458715
Data/MIDI/Collection/Original Collection/412.mid,0.30308880308880304
Data/MIDI/Collection/Original Collection/413.mid,0.40093457943925237
Data/MIDI/Collection/Original Collection/414.mid,0.34960629921259845
Data/MIDI/Collection/Original Collection/415.mid,0.2685185185185185
Data/MIDI/Collection/Original Collection/416.mid,0.29482370592648166
Data/MIDI/Collection/Original Collection/417.mid,0.23813708260105448
Data/MIDI/Collection/Original Collection/418.mid,0.371580547112462
Data/MIDI/Collection/Original Collection/419.mid,0.26859504132231404
Data/MIDI/Collection/Original Collection/420.mid,0.48016701461377875
Data/MIDI/Collection/Original Collection/421.mid,0.23685961410512313
Data/MIDI/Collection/Original Collection/422.mid,0.3628736234923964
Data/MIDI/Collection/Original Collection/423.mid,0.3195195195195195
Data/MIDI/Collection/Original Collection/424.mid,0.32612966601178783
Data/MIDI/Collection/Original Collection/425.mid,0.3289977046671767
Data/MIDI/Collection/Original Collection/426.mid,0.4617486338797814
Data/MIDI/Collection/Original Collection/427.mid,0.33359375
Data/MIDI/Collection/Original Collection/428.mid,0.21862348178137647
Data/MIDI/Collection/Original Collection/429.mid,0.2632020117351216
Data/MIDI/Collection/Original Collection/430.mid,0.31618887015177066
Data/MIDI/Collection/Original Collection/431.mid,0.23273518216421973
Data/MIDI/Collection/Original Collection/432.mid,0.3119266055045872
Data/MIDI/Collection/Original Collection/433.mid,0.3741379310344828
Data/MIDI/Collection/Original Collection/434.mid,0.4523489932885906
Data/MIDI/Collection/Original Collection/435.mid,0.3647700701480904
Data/MIDI/Collection/Original Collection/436.mid,0.40418118466898956
Data/MIDI/Collection/Original Collection/437.mid,0.32558139534883723
Data/MIDI/Collection/Original Collection/438.mid,0.2765342960288809
Data/MIDI/Collection/Original Collection/439.mid,0.2812089356110381
Data/MIDI/Collection/Original Collection/440.mid,0.2858809801633606
Data/MIDI/Collection/Original Collection/441.mid,0.3563218390804598
Data/MIDI/Collection/Original Collection/442.mid,0.35411020776874436
Data/MIDI/Collection/Original Collection/443.mid,0.316256157635468
Data/MIDI/Collection/Original Collection/444.mid,0.31666666666666665
Data/MIDI/Collection/Original Collection/445.mid,0.3618134263295554
Data/MIDI/Collection/Original Collection/446.mid,0.31925849639546855
Data/MIDI/Collection/Original Collection/447.mid,0.27956989247311825
Data/MIDI/Collection/Original Collection/448.mid,0.37709251101321584
Data/MIDI/Collection/Original Collection/449.mid,0.2753246753246753
Data/MIDI/Collection/Original Collection/450.mid,0.3509933774834437
Data/MIDI/Collection/Original Collection/451.mid,0.2975047984644914
Data/MIDI/Collection/Original Collection/452.mid,0.5082926829268293
Data/MIDI/Collection/Original Collection/453.mid,0.31967812728602785
Data/MIDI/Collection/Original Collection/454.mid,0.27924750146972366
Data/MIDI/Collection/Original Collection/455.mid,0.4684466019417476
Data/MIDI/Collection/Original Collection/456.mid,0.4518622628250175
Data/MIDI/Collection/Original Collection/457.mid,0.3093525179856115
Data/MIDI/Collection/Original Collection/458.mid,0.2231638418079096
Data/MIDI/Collection/Original Collection/459.mid,0.3752515090543259
Data/MIDI/Collection/Original Collection/460.mid,0.3260672116257948
Data/MIDI/Collection/Original Collection/461.mid,0.4418604651162791
Data/MIDI/Collection/Original Collection/462.mid,0.4057971014492754
Data/MIDI/Collection/Original Collection/463.mid,0.3339787028073572
Data/MIDI/Collection/Original Collection/464.mid,0.3521739130434782
Data/MIDI/Collection/Original Collection/465.mid,0.32793959007551243
Data/MIDI/Collection/Original Collection/466.mid,0.3460639127045986
Data/MIDI/Collection/Original Collection/467.mid,0.4024767801857585
Data/MIDI/Collection/Original Collection/468.mid,0.36070381231671556
Data/MIDI/Collection/Original Collection/469.mid,0.40599173553719003
Data/MIDI/Collection/Original Collection/470.mid,0.24559859154929575
Data/MIDI/Collection/Original Collection/471.mid,0.4621559633027523
Data/MIDI/Collection/Original Collection/472.mid,0.43050847457627117
Data/MIDI/Collection/Original Collection/473.mid,0.3675417661097852
Data/MIDI/Collection/Original Collection/474.mid,0.376449598572703
Data/MIDI/Collection/Original Collection/475.mid,0.4088457389428263
Data/MIDI/Collection/Original Collection/476.mid,0.339142091152815
Data/MIDI/Collection/Original Collection/477.mid,0.31878698224852076
Data/MIDI/Collection/Original Collection/478.mid,0.38916256157635465
Data/MIDI/Collection/Original Collection/479.mid,0.37351190476190477
Data/MIDI/Collection/Original Collection/480.mid,0.31272727272727274
Data/MIDI/Collection/Original Collection/481.mid,0.3197767145135566
Data/MIDI/Collection/Original Collection/482.mid,0.42090124640460214
Data/MIDI/Collection/Original Collection/483.mid,0.4636913767019667
Data/MIDI/Collection/Original Collection/484.mid,0.407624633431085
Data/MIDI/Collection/Original Collection/485.mid,0.2886740331491713
Data/MIDI/Collection/Original Collection/486.mid,0.3710368466152528
Data/MIDI/Collection/Original Collection/487.mid,0.29949238578680204
Data/MIDI/Collection/Original Collection/488.mid,0.31898734177215193
Data/MIDI/Collection/Original Collection/489.mid,0.37254901960784315
Data/MIDI/Collection/Original Collection/490.mid,0.3328894806924101
Data/MIDI/Collection/Original Collection/491.mid,0.29462365591397854
Data/MIDI/Collection/Original Collection/492.mid,0.2788104089219331
Data/MIDI/Collection/Original Collection/493.mid,0.17408506429277948
Data/MIDI/Collection/Original Collection/494.mid,0.305993690851735
Data/MIDI/Collection/Original Collection/495.mid,0.3812610489098409
Data/MIDI/Collection/Original Collection/496.mid,0.24258760107816713
Data/MIDI/Collection/Original Collection/497.mid,0.28659070990359337
Data/MIDI/Collection/Original Collection/498.mid,0.3707124010554089
Data/MIDI/Collection/Original Collection/499.mid,0.3429522752497225
Data/MIDI/Collection/Original Collection/500.mid,0.28205128205128205
Data/MIDI/Collection/Original Collection/501.mid,0.20178870877585242
Data/MIDI/Collection/Original Collection/502.mid,0.34606011372867584
Data/MIDI/Collection/Original Collection/503.mid,0.3678899082568807
Data/MIDI/Collection/Original Collection/504.mid,0.3277574490329326
Data/MIDI/Collection/Original Collection/505.mid,0.25266214908034845
Data/MIDI/Collection/Original Collection/506.mid,0.35123966942148765
Data/MIDI/Collection/Original Collection/507.mid,0.3146509341199607
Data/MIDI/Collection/Original Collection/508.mid,0.34069097888675626
Data/MIDI/Collection/Original Collection/509.mid,0.31863609641387414
Data/MIDI/Collection/Original Collection/510.mid,0.25867195242814667
Data/MIDI/Collection/Original Collection/511.mid,0.24716062736614386
Data/MIDI/Collection/Original Collection/512.mid,0.17534456355283312
Data/MIDI/Collection/Original Collection/513.mid,0.17893217893217894
Data/MIDI/Collection/Original Collection/514.mid,0.3765743073047859
Data/MIDI/Collection/Original Collection/515.mid,0.30104321907600595
Data/MIDI/Collection/Original Collection/516.mid,0.28181818181818186
Data/MIDI/Collection/Original Collection/517.mid,0.3470290771175727
Data/MIDI/Collection/Original Collection/518.mid,0.3432721712538226
Data/MIDI/Collection/Original Collection/519.mid,0.353518821603928
Data/MIDI/Collection/Original Collection/520.mid,0.2596741344195519
Data/MIDI/Collection/Original Collection/521.mid,0.3489932885906041
Data/MIDI/Collection/Original Collection/522.mid,0.2772837510105093
Data/MIDI/Collection/Original Collection/523.mid,0.30840163934426235
Data/MIDI/Collection/Original Collection/524.mid,0.4256651017214398
Data/MIDI/Collection/Original Collection/525.mid,0.36604095563139927
Data/MIDI/Collection/Original Collection/526.mid,0.27540650406504064
Data/MIDI/Collection/Original Collection/527.mid,0.27764518695306284
Data/MIDI/Collection/Original Collection/528.mid,0.33061699650756693
Data/MIDI/Collection/Original Collection/529.mid,0.36691729323308275
Data/MIDI/Collection/Original Collection/530.mid,0.3138263665594855
Data/MIDI/Collection/Original Collection/531.mid,0.2190949227373068
Data/MIDI/Collection/Original Collection/532.mid,0.33632958801498125
Data/MIDI/Collection/Original Collection/533.mid,0.46401842256764536
Data/MIDI/Collection/Original Collection/534.mid,0.24193548387096775
Data/MIDI/Collection/Original Collection/535.mid,0.23072100313479627
Data/MIDI/Collection/Original Collection/536.mid,0.2152974504249292
Data/MIDI/Collection/Original Collection/537.mid,0.3849056603773585
Data/MIDI/Collection/Original Collection/538.mid,0.4980237154150198
Data/MIDI/Collection/Original Collection/539.mid,0.3774545454545455
Data/MIDI/Collection/Original Collection/540.mid,0.322061191626409
Data/MIDI/Collection/Original Collection/541.mid,0.3093797276853253
Data/MIDI/Collection/Original Collection/542.mid,0.3203040173724213
Data/MIDI/Collection/Original Collection/543.mid,0.4512195121951219
Data/MIDI/Collection/Original Collection/544.mid,0.2748091603053435
Data/MIDI/Collection/Original Collection/545.mid,0.28300993847610034
Data/MIDI/Collection/Original Collection/546.mid,0.2370731707317073
Data/MIDI/Collection/Original Collection/547.mid,0.3699551569506726
Data/MIDI/Collection/Original Collection/548.mid,0.3561452513966481
Data/MIDI/Collection/Original Collection/549.mid,0.48289473684210527
Data/MIDI/Collection/Original Collection/550.mid,0.2953714981729598
Data/MIDI/Collection/Original Collection/551.mid,0.34534534534534533
Data/MIDI/Collection/Original Collection/552.mid,0.3153214774281806
Data/MIDI/Collection/Original Collection/553.mid,0.37859266600594643
Data/MIDI/Collection/Original Collection/554.mid,0.37660668380462725
Data/MIDI/Collection/Original Collection/555.mid,0.3996789727126806
Data/MIDI/Collection/Original Collection/556.mid,0.3655083655083655
Data/MIDI/Collection/Original Collection/557.mid,0.2622687047465808
Data/MIDI/Collection/Original Collection/558.mid,0.4817813765182186
Data/MIDI/Collection/Original Collection/559.mid,0.2913008778930567
Data/MIDI/Collection/Original Collection/560.mid,0.3100358422939068
Data/MIDI/Collection/Original Collection/561.mid,0.2759706190975866
Data/MIDI/Collection/Original Collection/562.mid,0.3390216154721274
Data/MIDI/Collection/Original Collection/563.mid,0.2909090909090909
Data/MIDI/Collection/Original Collection/564.mid,0.4898499558693733
Data/MIDI/Collection/Original Collection/565.mid,0.504035874439462
Data/MIDI/Collection/Original Collection/566.mid,0.38875000000000004
Data/MIDI/Collection/Original Collection/567.mid,0.14406779661016944
Data/MIDI/Collection/Original Collection/568.mid,0.3188888888888889
Data/MIDI/Collection/Original Collection/569.mid,0.3291814946619217
Data/MIDI/Collection/Original Collection/570.mid,0.2925925925925926
Data/MIDI/Collection/Original Collection/571.mid,0.4186893203883495
Data/MIDI/Collection/Original Collection/572.mid,0.3901209677419355
Data/MIDI/Collection/Original Collection/573.mid,0.2990430622009569
Data/MIDI/Collection/Original Collection/574.mid,0.3833833833833834
Data/MIDI/Collection/Original Collection/575.mid,0.2554680664916885
Data/MIDI/Collection/Original Collection/576.mid,0.3802816901408451
Data/MIDI/Collection/Original Collection/577.mid,0.42001962708537777
Data/MIDI/Collection/Original Collection/578.mid,0.34662045060658575
Data/MIDI/Collection/Original Collection/579.mid,0.25139353400222963
Data/MIDI/Collection/Original Collection/580.mid,0.4104477611940298
Data/MIDI/Collection/Original Collection/581.mid,0.4537902388369678
Data/MIDI/Collection/Original Collection/582.mid,0.3795881826320502
Data/MIDI/Collection/Original Collection/583.mid,0.393048128342246
Data/MIDI/Collection/Original Collection/584.mid,0.3553719008264463
Data/MIDI/Collection/Original Collection/585.mid,0.311864406779661
Data/MIDI/Collection/Original Collection/586.mid,0.36764705882352944
Data/MIDI/Collection/Original Collection/587.mid,0.3048289738430584
Data/MIDI/Collection/Original Collection/588.mid,0.382494004796163
Data/MIDI/Collection/Original Collection/589.mid,0.30000000000000004
Data/MIDI/Collection/Original Collection/590.mid,0.2542037586547973
Data/MIDI/Collection/Original Collection/591.mid,0.3377358490566038
Data/MIDI/Collection/Original Collection/592.mid,0.455470737913486
Data/MIDI/Collection/Original Collection/593.mid,0.344311377245509
Data/MIDI/Collection/Original Collection/594.mid,0.28894269572235676
Data/MIDI/Collection/Original Collection/595.mid,0.2773809523809524
Data/MIDI/Collection/Original Collection/596.mid,0.3481543624161074
Data/MIDI/Collection/Original Collection/597.mid,0.3816371681415929
Data/MIDI/Collection/Original Collection/598.mid,0.3067776456599287
Data/MIDI/Collection/Original Collection/599.mid,0.34734513274336287
Data/MIDI/Collection/Original Collection/600.mid,0.35220125786163525
Data/MIDI/Collection/Original Collection/601.mid,0.3603395061728395
Data/MIDI/Collection/Original Collection/602.mid,0.3119709794437727
Data/MIDI/Collection/Original Collection/603.mid,0.3109756097560976
Data/MIDI/Collection/Original Collection/604.mid,0.3448735019973369
Data/MIDI/Collection/Original Collection/605.mid,0.46632124352331605
Data/MIDI/Collection/Original Collection/606.mid,0.35097001763668434
Data/MIDI/Collection/Original Collection/607.mid,0.4629861982434128
Data/MIDI/Collection/Original Collection/608.mid,0.41094147582697205
Data/MIDI/Collection/Original Collection/609.mid,0.3762626262626263
Data/MIDI/Collection/Original Collection/610.mid,0.314385150812065
Data/MIDI/Collection/Original Collection/611.mid,0.4107512060647829
Data/MIDI/Collection/Original Collection/612.mid,0.35049019607843135
Data/MIDI/Collection/Original Collection/613.mid,0.45785876993166286
Data/MIDI/Collection/Original Collection/614.mid,0.35500878734622143
Data/MIDI/Collection/Original Collection/615.mid,0.30797773654916516
Data/MIDI/Collection/Original Collection/616.mid,0.4244105409153953
Data/MIDI/Collection/Original Collection/617.mid,0.2793478260869565
Data/MIDI/Collection/Original Collection/618.mid,0.5066539923954372
Data/MIDI/Collection/Original Collection/619.mid,0.20076665069477717
Data/MIDI/Collection/Original Collection/620.mid,0.46804511278195493
Data/MIDI/Collection/Original Collection/621.mid,0.3055555555555556
Data/MIDI/Collection/Original Collection/622.mid,0.2908777969018933
Data/MIDI/Collection/Original Collection/623.mid,0.3208020050125313
Data/MIDI/Collection/Original Collection/624.mid,0.3141314131413141
Data/MIDI/Collection/Original Collection/625.mid,0.32798165137614677
Data/MIDI/Collection/Original Collection/626.mid,0.22022838499184338
Data/MIDI/Collection/Original Collection/627.mid,0.2971098265895954
Data/MIDI/Collection/Original Collection/628.mid,0.336864406779661
Data/MIDI/Collection/Original Collection/629.mid,0.2675585284280937
Data/MIDI/Collection/Original Collection/630.mid,0.37540453074433655
Data/MIDI/Collection/Original Collection/631.mid,0.3033492822966507
Data/MIDI/Collection/Original Collection/632.mid,0.34916864608076015
Data/MIDI/Collection/Original Collection/633.mid,0.3754646840148699
Data/MIDI/Collection/Original Collection/634.mid,0.3576086956521739
Data/MIDI/Collection/Original Collection/635.mid,0.2734042553191489
Data/MIDI/Collection/Original Collection/636.mid,0.423836389280677
Data/MIDI/Collection/Original Collection/637.mid,0.3805513016845329
Data/MIDI/Collection/Original Collection/638.mid,0.3123791102514507
Data/MIDI/Collection/Original Collection/639.mid,0.33278145695364236
Data/MIDI/Collection/Original Collection/640.mid,0.23315508021390374
Data/MIDI/Collection/Original Collection/641.mid,0.3398550724637681
Data/MIDI/Collection/Original Collection/642.mid,0.31232254400908577
Data/MIDI/Collection/Original Collection/643.mid,0.40196882690730107
Data/MIDI/Collection/Original Collection/644.mid,0.2646351242983159
Data/MIDI/Collection/Original Collection/645.mid,0.21690140845070427
Data/MIDI/Collection/Original Collection/646.mid,0.29701492537313434
Data/MIDI/Collection/Original Collection/647.mid,0.21564694082246738
Data/MIDI/Collection/Original Collection/648.mid,0.26806282722513086
Data/MIDI/Collection/Original Collection/649.mid,0.29751461988304095
Data/MIDI/Collection/Original Collection/650.mid,0.4369085173501577
Data/MIDI/Collection/Original Collection/651.mid,0.518597236981934
Data/MIDI/Collection/Original Collection/652.mid,0.3796358732299393
Data/MIDI/Collection/Original Collection/653.mid,0.22419685577580317
Data/MIDI/Collection/Original Collection/654.mid,0.31060606060606055
Data/MIDI/Collection/Original Collection/655.mid,0.2611301369863014
Data/MIDI/Collection/Original Collection/656.mid,0.4105431309904153
Data/MIDI/Collection/Original Collection/657.mid,0.29334916864608074
Data/MIDI/Collection/Original Collection/658.mid,0.28005115089514065
Data/MIDI/Collection/Original Collection/659.mid,0.31135531135531136
Data/MIDI/Collection/Original Collection/660.mid,0.45022026431718065
Data/MIDI/Collection/Original Collection/661.mid,0.29954441913439633
Data/MIDI/Collection/Original Collection/662.mid,0.26032540675844806
Data/MIDI/Collection/Original Collection/663.mid,0.3746786632390745
Data/MIDI/Collection/Original Collection/664.mid,0.42962417096536476
Data/MIDI/Collection/Original Collection/665.mid,0.5199222546161322
Data/MIDI/Collection/Original Collection/666.mid,0.27893639207507825
Data/MIDI/Collection/Original Collection/667.mid,0.28964252978918426
Data/MIDI/Collection/Original Collection/668.mid,0.23852813852813848
Data/MIDI/Collection/Original Collection/669.mid,0.3162518301610542
Data/MIDI/Collection/Original Collection/670.mid,0.33553113553113556
Data/MIDI/Collection/Original Collection/671.mid,0.2699704142011834
Data/MIDI/Collection/Original Collection/672.mid,0.18181818181818177
Data/MIDI/Collection/Original Collection/673.mid,0.29934210526315785
Data/MIDI/Collection/Original Collection/674.mid,0.23148765843895935
Data/MIDI/Collection/Original Collection/675.mid,0.36964980544747084
Data/MIDI/Collection/Original Collection/676.mid,0.29193109700815956
Data/MIDI/Collection/Original Collection/677.mid,0.2274927395934172
Data/MIDI/Collection/Original Collection/678.mid,0.37406296851574217
Data/MIDI/Collection/Original Collection/679.mid,0.37738731856378915
Data/MIDI/Collection/Original Collection/680.mid,0.2717989002356638
Data/MIDI/Collection/Original Collection/681.mid,0.3336633663366336
Data/MIDI/Collection/Original Collection/682.mid,0.2674066599394551
Data/MIDI/Collection/Original Collection/683.mid,0.32173913043478264
Data/MIDI/Collection/Original Collection/684.mid,0.2441860465116279
Data/MIDI/Collection/Original Collection/685.mid,0.15806626833242798
Data/MIDI/Collection/Original Collection/686.mid,0.29401304090100766
Data/MIDI/Collection/Original Collection/687.mid,0.2713178294573644
Data/MIDI/Collection/Original Collection/688.mid,0.24797406807131284
Data/MIDI/Collection/Original Collection/689.mid,0.28968253968253965
Data/MIDI/Collection/Original Collection/690.mid,0.2894308943089431
Data/MIDI/Collection/Original Collection/691.mid,0.34697357203751067
Data/MIDI/Collection/Original Collection/692.mid,0.27722222222222226
Data/MIDI/Collection/Original Collection/693.mid,0.2062004325883201
Data/MIDI/Collection/Original Collection/694.mid,0.3114754098360656
Data/MIDI/Collection/Original Collection/695.mid,0.3214285714285714
Data/MIDI/Collection/Original Collection/696.mid,0.37682165163081194
Data/MIDI/Collection/Original Collection/697.mid,0.2971996386630533
Data/MIDI/Collection/Original Collection/698.mid,0.39749262536873153
Data/MIDI/Collection/Original Collection/699.mid,0.3685121107266436
Data/MIDI/Collection/Original Collection/700.mid,0.3008174386920981
Data/MIDI/Collection/Original Collection/701.mid,0.25059382422802845
Data/MIDI/Collection/Original Collection/702.mid,0.2701107011070111
Data/MIDI/Collection/Original Collection/703.mid,0.26819126819126815
Data/MIDI/Collection/Original Collection/704.mid,0.30969267139479906
Data/MIDI/Collection/Original Collection/705.mid,0.32618825722274003
Data/MIDI/Collection/Original Collection/706.mid,0.3633119200571021
Data/MIDI/Collection/Original Collection/707.mid,0.3133732534930139
Data/MIDI/Collection/Original Collection/708.mid,0.23391003460207616
Data/MIDI/Collection/Original Collection/709.mid,0.3087525844245348
Data/MIDI/Collection/Original Collection/710.mid,0.26407369498464683
Data/MIDI/Collection/Original Collection/711.mid,0.28864569083447333
Data/MIDI/Collection/Original Collection/712.mid,0.3317384370015949
Data/MIDI/Collection/Original Collection/713.mid,0.23266219239373598
Data/MIDI/Collection/Original Collection/714.mid,0.2691466083150985
Data/MIDI/Collection/Original Collection/715.mid,0.34765234765234765
Data/MIDI/Collection/Original Collection/716.mid,0.33154362416107386
Data/MIDI/Collection/Original Collection/717.mid,0.2925416364952933
Data/MIDI/Collection/Original Collection/718.mid,0.38381018841591064
Data/MIDI/Collection/Original Collection/719.mid,0.4872057318321392
Data/MIDI/Collection/Original Collection/720.mid,0.3514986376021798
Data/MIDI/Collection/Original Collection/721.mid,0.33917616126205086
Data/MIDI/Collection/Original Collection/722.mid,0.2654867256637168
Data/MIDI/Collection/Original Collection/723.mid,0.29644670050761424
Data/MIDI/Collection/Original Collection/724.mid,0.42105263157894735
Data/MIDI/Collection/Original Collection/725.mid,0.31105398457583544
Data/MIDI/Collection/Original Collection/726.mid,0.4339250493096647
Data/MIDI/Collection/Original Collection/727.mid,0.3811619718309859
Data/MIDI/Collection/Original Collection/728.mid,0.4344512195121951
Data/MIDI/Collection/Original Collection/729.mid,0.2201066260472201
Data/MIDI/Collection/Original Collection/730.mid,0.31161971830985913
Data/MIDI/Collection/Original Collection/731.mid,0.36730769230769234
Data/MIDI/Collection/Original Collection/732.mid,0.2969661610268378
Data/MIDI/Collection/Original Collection/733.mid,0.3076225045372051
Data/MIDI/Collection/Original Collection/734.mid,0.4183590576766856
Data/MIDI/Collection/Original Collection/735.mid,0.28500000000000003
Data/MIDI/Collection/Original Collection/736.mid,0.2668360864040661
Data/MIDI/Collection/Original Collection/737.mid,0.29240862230552955
Data/MIDI/Collection/Original Collection/738.mid,0.35771065182829886
Data/MIDI/Collection/Original Collection/739.mid,0.4276729559748428
Data/MIDI/Collection/Original Collection/740.mid,0.2847399829497016
Data/MIDI/Collection/Original Collection/741.mid,0.4326923076923077
Data/MIDI/Collection/Original Collection/742.mid,0.34825327510917026
Data/MIDI/Collection/Original Collection/743.mid,0.3729626078619367
Data/MIDI/Collection/Original Collection/744.mid,0.29562594268476616
Data/MIDI/Collection/Original Collection/745.mid,0.3059760956175299
Data/MIDI/Collection/Original Collection/746.mid,0.4330357142857143
Data/MIDI/Collection/Original Collection/747.mid,0.43015075376884426
Data/MIDI/Collection/Original Collection/748.mid,0.3089430894308943
Data/MIDI/Collection/Original Collection/749.mid,0.32811140121845084
Data/MIDI/Collection/Original Collection/750.mid,0.3028571428571428
Data/MIDI/Collection/Original Collection/751.mid,0.3078534031413612
Data/MIDI/Collection/Original Collection/752.mid,0.26290630975143403
Data/MIDI/Collection/Original Collection/753.mid,0.5076297049847406
Data/MIDI/Collection/Original Collection/754.mid,0.37006369426751595
Data/MIDI/Collection/Original Collection/755.mid,0.33496732026143794
Data/MIDI/Collection/Original Collection/756.mid,0.36549165120593696
Data/MIDI/Collection/Original Collection/757.mid,0.3341804320203303
Data/MIDI/Collection/Original Collection/758.mid,0.2550091074681239
Data/MIDI/Collection/Original Collection/759.mid,0.32209737827715357
Data/MIDI/Collection/Original Collection/760.mid,0.17969821673525377
Data/MIDI/Collection/Original Collection/761.mid,0.25094577553593944
Data/MIDI/Collection/Original Collection/762.mid,0.28266913809082483
Data/MIDI/Collection/Original Collection/763.mid,0.2946808510638298
Data/MIDI/Collection/Original Collection/764.mid,0.30739299610894943
Data/MIDI/Collection/Original Collection/765.mid,0.273542600896861
Data/MIDI/Collection/Original Collection/766.mid,0.3012684989429175
Data/MIDI/Collection/Original Collection/767.mid,0.42021276595744683
Data/MIDI/Collection/Original Collection/768.mid,0.4211423699914748
Data/MIDI/Collection/Original Collection/769.mid,0.32533112582781454
Data/MIDI/Collection/Original Collection/770.mid,0.3051075268817204
Data/MIDI/Collection/Original Collection/771.mid,0.34009216589861746
Data/MIDI/Collection/Original Collection/772.mid,0.2915717539863326
Data/MIDI/Collection/Original Collection/773.mid,0.33086419753086416
Data/MIDI/Collection/Original Collection/774.mid,0.36714975845410625
Data/MIDI/Collection/Original Collection/775.mid,0.4451772464962902
Data/MIDI/Collection/Original Collection/776.mid,0.32558139534883723
Data/MIDI/Collection/Original Collection/777.mid,0.29969879518072284
Data/MIDI/Collection/Original Collection/778.mid,0.41714285714285715
Data/MIDI/Collection/Original Collection/779.mid,0.31400966183574874
Data/MIDI/Collection/Original Collection/780.mid,0.3098159509202454
Data/MIDI/Collection/Original Collection/781.mid,0.2899022801302932
Data/MIDI/Collection/Original Collection/782.mid,0.2988614800759013
Data/MIDI/Collection/Original Collection/783.mid,0.35980148883374685
Data/MIDI/Collection/Original Collection/784.mid,0.31399680681213415
Data/MIDI/Collection/Original Collection/785.mid,0.21502590673575128
Data/MIDI/Collection/Original Collection/786.mid,0.20558739255014324
Data/MIDI/Collection/Original Collection/787.mid,0.2880098887515451
Data/MIDI/Collection/Original Collection/788.mid,0.19838056680161942
Data/MIDI/Collection/Original Collection/789.mid,0.45150214592274673
Data/MIDI/Collection/Original Collection/790.mid,0.29115341545352746
Data/MIDI/Collection/Original Collection/791.mid,0.24581005586592175
Data/MIDI/Collection/Original Collection/792.mid,0.49202733485193617
Data/MIDI/Collection/Original Collection/793.mid,0.26530612244897955
Data/MIDI/Collection/Original Collection/794.mid,0.3762475049900199
Data/MIDI/Collection/Original Collection/795.mid,0.3468869123252859
Data/MIDI/Collection/Original Collection/796.mid,0.39265850945494996
Data/MIDI/Collection/Original Collection/797.mid,0.2425149700598802
Data/MIDI/Collection/Original Collection/798.mid,0.1968721251149954
Data/MIDI/Collection/Original Collection/799.mid,0.3086614173228347
Data/MIDI/Collection/Original Collection/800.mid,0.36767169179229475
Data/MIDI/Collection/Original Collection/801.mid,0.45223700120918986
Data/MIDI/Collection/Original Collection/802.mid,0.36131934032983504
Data/MIDI/Collection/Original Collection/803.mid,0.4976030680728667
Data/MIDI/Collection/Original Collection/804.mid,0.30390738060781475
Data/MIDI/Collection/Original Collection/805.mid,0.4964912280701754
Data/MIDI/Collection/Original Collection/806.mid,0.47398843930635837
Data/MIDI/Collection/Original Collection/807.mid,0.2695179904955872
Data/MIDI/Collection/Original Collection/808.mid,0.21699544764795142
Data/MIDI/Collection/Original Collection/809.mid,0.25937307928703135
Data/MIDI/Collection/Original Collection/810.mid,0.2512820512820513
Data/MIDI/Collection/Original Collection/811.mid,0.30039920159680644
Data/MIDI/Collection/Original Collection/812.mid,0.5015479876160991
Data/MIDI/Collection/Original Collection/813.mid,0.29035087719298247
Data/MIDI/Collection/Original Collection/814.mid,0.2339420654911839
Data/MIDI/Collection/Original Collection/815.mid,0.3171912832929782
Data/MIDI/Collection/Original Collection/816.mid,0.26555555555555554
Data/MIDI/Collection/Original Collection/817.mid,0.2893013100436681
Data/MIDI/Collection/Original Collection/818.mid,0.5057581573896353
Data/MIDI/Collection/Original Collection/819.mid,0.3345164152617569
Data/MIDI/Collection/Original Collection/820.mid,0.38625592417061616
Data/MIDI/Collection/Original Collection/821.mid,0.3852327447833066
Data/MIDI/Collection/Original Collection/822.mid,0.2858606557377049
Data/MIDI/Collection/Original Collection/823.mid,0.3249503639973528
Data/MIDI/Collection/Original Collection/824.mid,0.24386113463166803
Data/MIDI/Collection/Original Collection/825.mid,0.31453218314532183
Data/MIDI/Collection/Original Collection/826.mid,0.23317140874392783
Data/MIDI/Collection/Original Collection/827.mid,0.2837988826815643
Data/MIDI/Collection/Original Collection/828.mid,0.2568203198494826
Data/MIDI/Collection/Original Collection/829.mid,0.3135725429017161
Data/MIDI/Collection/Original Collection/830.mid,0.19376528117359415
Data/MIDI/Collection/Original Collection/831.mid,0.34629981024667933
Data/MIDI/Collection/Original Collection/832.mid,0.3189102564102564
Data/MIDI/Collection/Original Collection/833.mid,0.3246268656716418
Data/MIDI/Collection/Original Collection/834.mid,0.3802816901408451
Data/MIDI/Collection/Original Collection/835.mid,0.31138211382113823
Data/MIDI/Collection/Original Collection/836.mid,0.2666666666666667
Data/MIDI/Collection/Original Collection/837.mid,0.3121311475409836
Data/MIDI/Collection/Original Collection/838.mid,0.26569608735213834
Data/MIDI/Collection/Original Collection/839.mid,0.34993178717598905
Data/MIDI/Collection/Original Collection/840.mid,0.2757709251101321
Data/MIDI/Collection/Original Collection/841.mid,0.21373626373626375
Data/MIDI/Collection/Original Collection/842.mid,0.21757679180887368
Data/MIDI/Collection/Original Collection/843.mid,0.3660262891809909
Data/MIDI/Collection/Original Collection/844.mid,0.28903826266804555
Data/MIDI/Collection/Original Collection/845.mid,0.24422735346358793
Data/MIDI/Collection/Original Collection/846.mid,0.23423423423423428
Data/MIDI/Collection/Original Collection/847.mid,0.2479674796747967
Data/MIDI/Collection/Original Collection/848.mid,0.4245472837022133
Data/MIDI/Collection/Original Collection/849.mid,0.2647444298820446
Data/MIDI/Collection/Original Collection/850.mid,0.289612676056338
Data/MIDI/Collection/Original Collection/851.mid,0.3597835888187556
Data/MIDI/Collection/Original Collection/852.mid,0.3436385255648038
Data/MIDI/Collection/Original Collection/853.mid,0.23421926910299007
Data/MIDI/Collection/Original Collection/854.mid,0.2543478260869565
Data/MIDI/Collection/Original Collection/855.mid,0.3865371269951423
Data/MIDI/Collection/Original Collection/856.mid,0.35018050541516244
Data/MIDI/Collection/Original Collection/857.mid,0.27640671273445216
Data/MIDI/Collection/Original Collection/858.mid,0.29427792915531337
Data/MIDI/Collection/Original Collection/859.mid,0.3224092116917626
Data/MIDI/Collection/Original Collection/860.mid,0.3817427385892116
Data/MIDI/Collection/Original Collection/861.mid,0.23260073260073255
Data/MIDI/Collection/Original Collection/862.mid,0.29032258064516125
Data/MIDI/Collection/Original Collection/863.mid,0.44788732394366193
Data/MIDI/Collection/Original Collection/864.mid,0.23693693693693696
Data/MIDI/Collection/Original Collection/865.mid,0.3505654281098546
Data/MIDI/Collection/Original Collection/866.mid,0.3134715025906736
Data/MIDI/Collection/Original Collection/867.mid,0.37149028077753776
Data/MIDI/Collection/Original Collection/868.mid,0.3320512820512821
Data/MIDI/Collection/Original Collection/869.mid,0.28582259287338896
Data/MIDI/Collection/Original Collection/870.mid,0.2981366459627329
Data/MIDI/Collection/Original Collection/871.mid,0.21711131554737806
Data/MIDI/Collection/Original Collection/872.mid,0.3739837398373984
Data/MIDI/Collection/Original Collection/873.mid,0.3268365817091454
Data/MIDI/Collection/Original Collection/874.mid,0.2946350043975374
Data/MIDI/Collection/Original Collection/875.mid,0.2514231499051234
Data/MIDI/Collection/Original Collection/876.mid,0.38884397736459175
Data/MIDI/Collection/Original Collection/877.mid,0.3125763125763126
Data/MIDI/Collection/Original Collection/878.mid,0.21133603238866394
Data/MIDI/Collection/Original Collection/879.mid,0.29198966408268734
Data/MIDI/Collection/Original Collection/880.mid,0.3425499231950845
Data/MIDI/Collection/Original Collection/881.mid,0.43003663003663006
Data/MIDI/Collection/Original Collection/882.mid,0.3087460484720759
Data/MIDI/Collection/Original Collection/883.mid,0.49862511457378556
Data/MIDI/Collection/Original Collection/884.mid,0.3154459753444525
Data/MIDI/Collection/Original Collection/885.mid,0.2583222370173103
Data/MIDI/Collection/Original Collection/886.mid,0.2976923076923077
Data/MIDI/Collection/Original Collection/887.mid,0.340160284951024
Data/MIDI/Collection/Original Collection/888.mid,0.3157894736842105
Data/MIDI/Collection/Original Collection/889.mid,0.2750385208012327
Data/MIDI/Collection/Original Collection/890.mid,0.34486266531027465
Data/MIDI/Collection/Original Collection/891.mid,0.3846153846153846
Data/MIDI/Collection/Original Collection/892.mid,0.32213209733487835
Data/MIDI/Collection/Original Collection/893.mid,0.23557365919891382
Data/MIDI/Collection/Original Collection/894.mid,0.22189349112426038
Data/MIDI/Collection/Original Collection/895.mid,0.34718100890207715
Data/MIDI/Collection/Original Collection/896.mid,0.25555555555555554
Data/MIDI/Collection/Original Collection/897.mid,0.270460358056266
Data/MIDI/Collection/Original Collection/898.mid,0.24215246636771304
Data/MIDI/Collection/Original Collection/899.mid,0.2871664548919949
Data/MIDI/Collection/Original Collection/900.mid,0.37801608579088475
